{"cameraMode":{"drawMode":0,"name":"Shaded","section":"Shading Mode"},"sceneLighting":true,"audioPlay":false,"sceneViewState":{"m_AlwaysRefresh":false,"showFog":true,"showSkybox":true,"showFlares":true,"showImageEffects":true,"showParticleSystems":true,"showVisualEffectGraphs":true,"m_FxEnabled":false},"in2DMode":false,"pivot":{"x":-151.42384338378907,"y":-10.642531394958496,"z":-84.61050415039063},"rotation":{"x":-0.05011902377009392,"y":0.09170913696289063,"z":-0.005185287911444902,"w":-0.9946317672729492},"size":83.68029022216797,"orthographic":false}