{"cameraMode":{"drawMode":0,"name":"Shaded","section":"Shading Mode"},"sceneLighting":true,"audioPlay":false,"sceneViewState":{"m_AlwaysRefresh":false,"showFog":true,"showSkybox":true,"showFlares":true,"showImageEffects":true,"showParticleSystems":true,"showVisualEffectGraphs":true,"m_FxEnabled":false},"in2DMode":false,"pivot":{"x":-39.767608642578128,"y":126.82427215576172,"z":43.181671142578128},"rotation":{"x":-0.1070912629365921,"y":0.46867766976356509,"z":-0.05742199346423149,"w":-0.8750268816947937},"size":10.533343315124512,"orthographic":false}