{"cameraMode":{"drawMode":0,"name":"Shaded","section":"Shading Mode"},"sceneLighting":true,"audioPlay":false,"sceneViewState":{"m_AlwaysRefresh":false,"showFog":true,"showSkybox":true,"showFlares":true,"showImageEffects":true,"showParticleSystems":true,"showVisualEffectGraphs":true,"m_FxEnabled":false},"in2DMode":false,"pivot":{"x":-174.43955993652345,"y":2.1228158473968508,"z":-202.02903747558595},"rotation":{"x":0.06502752751111984,"y":-0.8990664482116699,"z":0.1430719792842865,"w":0.40864577889442446},"size":2.2598001956939699,"orthographic":false}