{"cameraMode":{"drawMode":0,"name":"Shaded","section":"Shading Mode"},"sceneLighting":false,"audioPlay":false,"sceneViewState":{"m_AlwaysRefresh":false,"showFog":true,"showSkybox":false,"showFlares":true,"showImageEffects":true,"showParticleSystems":true,"showVisualEffectGraphs":true,"m_FxEnabled":false},"in2DMode":false,"pivot":{"x":9.100000381469727,"y":11.680000305175782,"z":3.450000047683716},"rotation":{"x":0.3245779573917389,"y":0.17069900035858155,"z":-0.05965694040060043,"w":0.9284422993659973},"size":0.08573196083307266,"orthographic":false}